Month,Month_Count,Customers
Aug,21.288515,76
Dec,14.295169,216
Feb,1.657459,3
Jul,18.032787,66
June,11.196911,29
Mar,11.195335,192
May,12.170724,365
Nov,33.958892,760
Oct,26.497696,115
Sep,23.756906,86
